Event ID,Player,Minute,Second,X,Y,Type,Outcome,endX,endY,isGoal,isAssist,Set Piece,Left,Center,Right,Competition,Opposition,isTop6
134,346300,6,57,64.6,6.6,TakeOn,Pos,-1,-1,Blank,Blank,Blank,Blank,Blank,Yes,CL,Lazio,Yes
135,346300,6,58,73,13.2,Pass,Pos,67.1,31.9,Blank,Blank,Blank,Blank,Blank,Yes,CL,Lazio,Yes
138,346300,7,8,72.8,52.2,SavedShot,Pos,-1,-1,Blank,Blank,Blank,Blank,Yes,Blank,CL,Lazio,Yes
147,346300,7,24,98.5,23.9,Pass,Neg,97.7,27.4,Blank,Blank,Blank,Blank,Blank,Yes,CL,Lazio,Yes
155,346300,7,37,71.3,16.4,BallRecovery,Pos,-1,-1,Blank,Blank,Blank,Blank,Blank,Yes,CL,Lazio,Yes
156,346300,7,37,71.3,16.4,Pass,Pos,65.1,15.2,Blank,Blank,Blank,Blank,Blank,Yes,CL,Lazio,Yes
189,346300,9,20,65.8,37,Pass,Pos,70.5,7.6,Blank,Blank,Blank,Blank,Yes,Blank,CL,Lazio,Yes
203,346300,10,7,88.2,6.8,Pass,Pos,97.3,24.3,Blank,Blank,Blank,Blank,Blank,Yes,CL,Lazio,Yes
208,346300,11,1,99.5,0.5,Pass,Pos,92.7,41.5,Blank,Blank,Corner,Blank,Blank,Yes,CL,Lazio,Yes
212,346300,11,4,96.9,42.8,CornerAwarded,Neutral,-1,-1,Blank,Blank,Blank,Blank,Yes,Blank,CL,Lazio,Yes
213,346300,11,24,99.5,0.5,Pass,Neg,89,49.3,Blank,Blank,Corner,Blank,Blank,Yes,CL,Lazio,Yes
246,346300,12,56,29.6,38.2,BallTouch,Neg,-1,-1,Blank,Blank,Blank,Blank,Yes,Blank,CL,Lazio,Yes
323,346300,16,44,98.1,5.9,Pass,Pos,86.8,8.6,Blank,Blank,Blank,Blank,Blank,Yes,CL,Lazio,Yes
354,346300,17,46,30.9,26.9,TakeOn,Neg,-1,-1,Blank,Blank,Blank,Blank,Blank,Yes,CL,Lazio,Yes
356,346300,17,46,30.3,24.2,BallTouch,Neutral,-1,-1,Blank,Blank,Blank,Blank,Blank,Yes,CL,Lazio,Yes
400,346300,19,38,71.5,4,Pass,Pos,73.7,8.8,Blank,Blank,Blank,Blank,Blank,Yes,CL,Lazio,Yes
403,346300,19,45,74.9,23.9,Pass,Pos,69.4,13.7,Blank,Blank,Blank,Blank,Blank,Yes,CL,Lazio,Yes
516,346300,26,14,64.3,6.2,Pass,Neg,62.4,10.6,Blank,Blank,Blank,Blank,Blank,Yes,CL,Lazio,Yes
521,346300,26,21,74.3,24.6,Pass,Pos,71.5,33.4,Blank,Blank,Blank,Blank,Blank,Yes,CL,Lazio,Yes
532,346300,26,33,87.4,25.2,Pass,Neg,85.7,27.1,Blank,Blank,Blank,Blank,Blank,Yes,CL,Lazio,Yes
566,346300,28,29,70.3,14.6,Pass,Pos,62.3,32.2,Blank,Blank,Blank,Blank,Blank,Yes,CL,Lazio,Yes
583,346300,29,46,71.9,84.8,Pass,Pos,67.2,71.7,Blank,Blank,Blank,Yes,Blank,Blank,CL,Lazio,Yes
587,346300,29,58,72.4,92.4,Pass,Pos,68.3,81.4,Blank,Blank,Blank,Yes,Blank,Blank,CL,Lazio,Yes
612,346300,30,56,59.4,96.8,Pass,Pos,56,87.7,Blank,Blank,Blank,Yes,Blank,Blank,CL,Lazio,Yes
634,346300,32,5,63.8,92.1,Pass,Pos,65.4,82.3,Blank,Blank,Blank,Yes,Blank,Blank,CL,Lazio,Yes
650,346300,32,57,72,94.5,Pass,Pos,68.4,79,Blank,Blank,Blank,Yes,Blank,Blank,CL,Lazio,Yes
736,346300,38,53,34.2,96,Interception,Pos,-1,-1,Blank,Blank,Blank,Yes,Blank,Blank,CL,Lazio,Yes
754,346300,39,41,70.1,74.4,Pass,Pos,67.9,88.6,Blank,Blank,Blank,Yes,Blank,Blank,CL,Lazio,Yes
756,346300,39,44,68.2,75.8,Pass,Neg,73.2,77.7,Blank,Blank,Blank,Yes,Blank,Blank,CL,Lazio,Yes
768,346300,40,23,99.5,99.5,Pass,Neg,94.2,57.5,Blank,Blank,Corner,Yes,Blank,Blank,CL,Lazio,Yes
771,346300,40,26,97.6,37.4,CornerAwarded,Neutral,-1,-1,Blank,Blank,Blank,Blank,Yes,Blank,CL,Lazio,Yes
772,346300,41,6,99.5,0.5,Pass,Pos,75.8,18.3,Blank,Blank,Corner,Blank,Blank,Yes,CL,Lazio,Yes
791,346300,42,29,64.6,42.8,Pass,Pos,70,59.9,Blank,Blank,Blank,Blank,Yes,Blank,CL,Lazio,Yes
805,346300,43,5,68.9,97.4,Pass,Pos,59.1,95.7,Blank,Blank,Blank,Yes,Blank,Blank,CL,Lazio,Yes
831,346300,44,27,69.5,97.4,Pass,Pos,72.9,86.8,Blank,Blank,Blank,Yes,Blank,Blank,CL,Lazio,Yes
833,346300,44,33,89.8,98.3,BallTouch,Neg,-1,-1,Blank,Blank,Blank,Yes,Blank,Blank,CL,Lazio,Yes
850,346300,45,31,54.2,34.3,Aerial,Neg,-1,-1,Blank,Blank,Blank,Blank,Yes,Blank,CL,Lazio,Yes
960,346300,51,9,61.5,11,Pass,Pos,47.1,35.4,Blank,Blank,Blank,Blank,Blank,Yes,CL,Lazio,Yes
964,346300,51,25,62.8,19.5,Pass,Pos,68.5,2.6,Blank,Blank,Blank,Blank,Blank,Yes,CL,Lazio,Yes
998,346300,52,56,71.1,7.3,Pass,Pos,74.6,11.9,Blank,Blank,Blank,Blank,Blank,Yes,CL,Lazio,Yes
1024,346300,54,3,89.7,9.3,Pass,Neg,87.9,44.1,Blank,Blank,Blank,Blank,Blank,Yes,CL,Lazio,Yes
1030,346300,54,21,88.9,24.6,Pass,Pos,82.6,37.7,Blank,Blank,Blank,Blank,Blank,Yes,CL,Lazio,Yes
1059,346300,56,25,67.8,95,Pass,Pos,69.2,85.3,Blank,Blank,Blank,Yes,Blank,Blank,CL,Lazio,Yes
1103,346300,59,22,59.2,96.5,Pass,Pos,41.4,83.9,Blank,Blank,Blank,Yes,Blank,Blank,CL,Lazio,Yes
1152,346300,63,26,34.6,93.5,BallRecovery,Pos,-1,-1,Blank,Blank,Blank,Yes,Blank,Blank,CL,Lazio,Yes
1153,346300,63,26,34.6,93.5,Pass,Pos,23.1,83.8,Blank,Blank,Blank,Yes,Blank,Blank,CL,Lazio,Yes
1176,346300,64,34,86.6,87.4,Pass,Pos,88.1,75.3,Blank,Blank,Blank,Yes,Blank,Blank,CL,Lazio,Yes
1212,346300,65,49,70.8,36.2,TakeOn,Pos,-1,-1,Blank,Blank,Blank,Blank,Yes,Blank,CL,Lazio,Yes
1213,346300,65,51,68.8,43.7,Pass,Pos,87.9,75,Blank,Blank,Blank,Blank,Yes,Blank,CL,Lazio,Yes
1215,346300,65,55,80.6,66,Pass,Pos,88.9,53.1,Blank,Blank,Blank,Blank,Yes,Blank,CL,Lazio,Yes
1253,346300,68,39,70.6,71,TakeOn,Pos,-1,-1,Blank,Blank,Blank,Yes,Blank,Blank,CL,Lazio,Yes
1254,346300,68,40,70.6,79.9,Pass,Pos,73.9,94.8,Blank,Blank,Blank,Yes,Blank,Blank,CL,Lazio,Yes
1259,346300,68,48,80.5,93.9,Pass,Pos,88,95.9,Blank,Blank,Blank,Yes,Blank,Blank,CL,Lazio,Yes
1261,346300,68,51,78.7,96.8,Pass,Pos,58.5,90.5,Blank,Blank,Blank,Yes,Blank,Blank,CL,Lazio,Yes
1278,346300,69,29,77.5,75,Pass,Pos,88,62.7,Blank,Blank,Blank,Yes,Blank,Blank,CL,Lazio,Yes
1280,346300,69,31,95.3,73.5,Pass,Neg,89.4,63.4,Blank,Blank,Blank,Yes,Blank,Blank,CL,Lazio,Yes
1285,346300,69,38,95.6,94.2,BallRecovery,Pos,-1,-1,Blank,Blank,Blank,Yes,Blank,Blank,CL,Lazio,Yes
1286,346300,69,40,95.6,94.2,BallTouch,Neg,-1,-1,Blank,Blank,Blank,Yes,Blank,Blank,CL,Lazio,Yes
1309,346300,71,26,59,96.9,Pass,Pos,41.3,89.1,Blank,Blank,Blank,Yes,Blank,Blank,CL,Lazio,Yes
1311,346300,71,33,57.5,93.2,Pass,Pos,50.8,73.3,Blank,Blank,Blank,Yes,Blank,Blank,CL,Lazio,Yes
1321,346300,71,54,73.9,92,Pass,Pos,57.2,84.1,Blank,Blank,Blank,Yes,Blank,Blank,CL,Lazio,Yes
1339,346300,72,49,76,50.3,Pass,Pos,81.9,48.5,Blank,Blank,Blank,Blank,Yes,Blank,CL,Lazio,Yes
1341,346300,72,50,78.2,33.4,Pass,Pos,88.6,24.9,Blank,Blank,Blank,Blank,Yes,Blank,CL,Lazio,Yes
1366,346300,73,58,68.6,26.2,Pass,Pos,64.7,31.3,Blank,Blank,Blank,Blank,Blank,Yes,CL,Lazio,Yes
1378,346300,74,18,75.6,48.5,TakeOn,Pos,-1,-1,Blank,Blank,Blank,Blank,Yes,Blank,CL,Lazio,Yes
1379,346300,74,23,98.9,23.7,Pass,Neg,98.8,26.2,Blank,Blank,Blank,Blank,Blank,Yes,CL,Lazio,Yes
1381,346300,74,23,98.8,26.2,BallTouch,Pos,-1,-1,Blank,Blank,Blank,Blank,Blank,Yes,CL,Lazio,Yes
1393,346300,76,24,68.1,3.5,Pass,Pos,61.7,9.8,Blank,Blank,Blank,Blank,Blank,Yes,CL,Lazio,Yes
1404,346300,77,1,69.1,7.7,Pass,Pos,70,2.3,Blank,Blank,Blank,Blank,Blank,Yes,CL,Lazio,Yes
1410,346300,77,55,70.2,0,Pass,Pos,59.3,5.5,Blank,Blank,Throw In,Blank,Blank,Yes,CL,Lazio,Yes
1440,346300,79,3,64.6,23.4,Pass,Pos,91.4,17.4,Blank,Blank,Blank,Blank,Blank,Yes,CL,Lazio,Yes
1450,346300,80,24,99.6,99.5,Pass,Neg,93.7,49.3,Blank,Blank,Corner,Yes,Blank,Blank,CL,Lazio,Yes
1474,346300,81,56,74.7,88.9,Pass,Pos,71.4,73.9,Blank,Blank,Blank,Yes,Blank,Blank,CL,Lazio,Yes
1505,346300,84,11,67.3,82.6,Pass,Pos,70,94.5,Blank,Blank,Blank,Yes,Blank,Blank,CL,Lazio,Yes
1518,346300,84,47,70.5,22.8,Pass,Pos,73.3,32.1,Blank,Blank,Blank,Blank,Blank,Yes,CL,Lazio,Yes
1523,346300,84,57,77.7,19.7,Pass,Neg,80.2,23.1,Blank,Blank,Blank,Blank,Blank,Yes,CL,Lazio,Yes
1546,346300,86,14,76.9,11.1,Pass,Pos,83,4.1,Blank,Blank,Blank,Blank,Blank,Yes,CL,Lazio,Yes
1548,346300,86,19,74.9,7.4,Pass,Pos,74.1,15.3,Blank,Blank,Blank,Blank,Blank,Yes,CL,Lazio,Yes
1551,346300,86,24,71.5,8,Pass,Pos,74.1,15.6,Blank,Blank,Blank,Blank,Blank,Yes,CL,Lazio,Yes
1568,346300,87,24,71.5,45.1,Pass,Pos,72.4,62.7,Blank,Blank,Blank,Blank,Yes,Blank,CL,Lazio,Yes
1571,346300,87,29,85.2,70.5,Pass,Neg,100,71.1,Blank,Blank,Blank,Yes,Blank,Blank,CL,Lazio,Yes
1604,346300,89,43,69.5,65.8,Pass,Pos,63.6,33.6,Blank,Blank,Blank,Blank,Yes,Blank,CL,Lazio,Yes
1621,346300,90,45,71.5,58.1,Pass,Pos,80,65.8,Blank,Blank,Blank,Blank,Yes,Blank,CL,Lazio,Yes
1641,346300,91,41,65.1,8.6,BallRecovery,Pos,-1,-1,Blank,Blank,Blank,Blank,Blank,Yes,CL,Lazio,Yes
1642,346300,91,47,74.8,23.1,Pass,Neg,86.7,26.2,Blank,Blank,Blank,Blank,Blank,Yes,CL,Lazio,Yes
1655,346300,92,19,88.4,39.8,SavedShot,Pos,-1,-1,Blank,Blank,Blank,Blank,Yes,Blank,CL,Lazio,Yes
1658,346300,92,21,94.8,49,CornerAwarded,Neutral,-1,-1,Blank,Blank,Blank,Blank,Yes,Blank,CL,Lazio,Yes
1659,346300,92,46,99.5,99.5,Pass,Neg,93.7,47.9,Blank,Blank,Corner,Yes,Blank,Blank,CL,Lazio,Yes
1673,346300,93,53,73.9,74.8,Pass,Pos,87.6,73.8,Blank,Blank,Blank,Yes,Blank,Blank,CL,Lazio,Yes
27,346300,1,9,74.7,11,Pass,Pos,70.2,18.2,Blank,Blank,Blank,Blank,Blank,Yes,CL,Zenit,Yes
34,346300,1,35,72.8,15,Pass,Neg,76.5,26.7,Blank,Blank,Blank,Blank,Blank,Yes,CL,Zenit,Yes
61,346300,3,0,61.3,30.7,Pass,Pos,64.6,6.4,Blank,Blank,Blank,Blank,Yes,Blank,CL,Zenit,Yes
76,346300,3,43,70.4,25.3,Pass,Pos,68.5,35.7,Blank,Blank,Blank,Blank,Blank,Yes,CL,Zenit,Yes
79,346300,3,48,68.2,23.1,TakeOn,Neg,-1,-1,Blank,Blank,Blank,Blank,Blank,Yes,CL,Zenit,Yes
111,346300,4,43,11.2,24.6,BallRecovery,Pos,-1,-1,Blank,Blank,Blank,Blank,Blank,Yes,CL,Zenit,Yes
112,346300,4,46,9,12.6,Pass,Pos,5.8,25.5,Blank,Blank,Blank,Blank,Blank,Yes,CL,Zenit,Yes
116,346300,4,56,20.3,4.6,Pass,Pos,12,23.1,Blank,Blank,Blank,Blank,Blank,Yes,CL,Zenit,Yes
133,346300,5,52,84.6,14.5,TakeOn,Neg,-1,-1,Blank,Blank,Blank,Blank,Blank,Yes,CL,Zenit,Yes
135,346300,5,52,85.9,14.1,BallTouch,Neutral,-1,-1,Blank,Blank,Blank,Blank,Blank,Yes,CL,Zenit,Yes
190,346300,8,16,97.4,22.2,Pass,Neg,94.9,56.7,Blank,Blank,Blank,Blank,Blank,Yes,CL,Zenit,Yes
193,346300,8,19,99.4,69.2,CornerAwarded,Neutral,-1,-1,Blank,Blank,Blank,Blank,Yes,Blank,CL,Zenit,Yes
194,346300,8,53,99.5,99.5,Pass,Neg,95.8,64.3,Blank,Blank,Corner,Yes,Blank,Blank,CL,Zenit,Yes
238,346300,10,25,41.3,94.2,TakeOn,Neg,-1,-1,Blank,Blank,Blank,Yes,Blank,Blank,CL,Zenit,Yes
311,346300,13,45,70.7,89,Pass,Pos,67.9,76.3,Blank,Blank,Blank,Yes,Blank,Blank,CL,Zenit,Yes
335,346300,14,57,71.1,92,Pass,Pos,65.4,73.2,Blank,Blank,Blank,Yes,Blank,Blank,CL,Zenit,Yes
382,346300,16,58,66.3,97.4,Pass,Pos,62.7,86.2,Blank,Blank,Blank,Yes,Blank,Blank,CL,Zenit,Yes
393,346300,17,28,75.7,49.1,Pass,Pos,84.8,42.5,Blank,Blank,Blank,Blank,Yes,Blank,CL,Zenit,Yes
415,346300,18,13,70.4,74.1,Pass,Pos,77.7,70.5,Blank,Blank,Blank,Yes,Blank,Blank,CL,Zenit,Yes
435,346300,18,52,44.2,15.6,Pass,Pos,51.9,39.1,Blank,Blank,Blank,Blank,Blank,Yes,CL,Zenit,Yes
442,346300,19,13,82.3,13.8,Pass,Pos,97.6,27.1,Blank,Blank,Blank,Blank,Blank,Yes,CL,Zenit,Yes
475,346300,20,45,66.5,51.8,Pass,Neg,72.1,49.9,Blank,Blank,Blank,Blank,Yes,Blank,CL,Zenit,Yes
490,346300,21,9,71.2,18.8,Pass,Pos,66,56.3,Blank,Blank,Blank,Blank,Blank,Yes,CL,Zenit,Yes
523,346300,22,45,87.1,3.7,Pass,Neg,88.8,2.8,Blank,Blank,Blank,Blank,Blank,Yes,CL,Zenit,Yes
567,346300,26,10,99.5,99.5,Pass,Pos,93.6,75.4,Blank,Blank,Corner,Yes,Blank,Blank,CL,Zenit,Yes
569,346300,26,14,88.8,84.8,TakeOn,Neg,-1,-1,Blank,Blank,Blank,Yes,Blank,Blank,CL,Zenit,Yes
585,346300,26,56,75.2,76.6,TakeOn,Neg,-1,-1,Blank,Blank,Blank,Yes,Blank,Blank,CL,Zenit,Yes
604,346300,27,26,44.7,56,Pass,Pos,61.5,30.7,Blank,Blank,Blank,Blank,Yes,Blank,CL,Zenit,Yes
616,346300,27,52,74.9,89.1,Pass,Pos,68.4,72.9,Blank,Blank,Blank,Yes,Blank,Blank,CL,Zenit,Yes
626,346300,28,31,93.6,94.4,Pass,Neg,94.5,91.5,Blank,Blank,Blank,Yes,Blank,Blank,CL,Zenit,Yes
631,346300,28,41,89,93.9,BallTouch,Neg,-1,-1,Blank,Blank,Blank,Yes,Blank,Blank,CL,Zenit,Yes
652,346300,29,44,74.9,93.2,TakeOn,Neg,-1,-1,Blank,Blank,Blank,Yes,Blank,Blank,CL,Zenit,Yes
674,346300,30,19,75,69.7,Pass,Pos,95.2,90.8,Blank,Blank,Blank,Blank,Yes,Blank,CL,Zenit,Yes
684,346300,31,9,63,71.5,Pass,Pos,68.5,59.4,Blank,Blank,Blank,Yes,Blank,Blank,CL,Zenit,Yes
687,346300,31,12,68.6,64.8,TakeOn,Neg,-1,-1,Blank,Blank,Blank,Blank,Yes,Blank,CL,Zenit,Yes
690,346300,31,14,72.5,72,Pass,Pos,76.2,79.9,Blank,Blank,Blank,Yes,Blank,Blank,CL,Zenit,Yes
692,346300,31,16,74.8,87.4,Pass,Pos,82.5,94.8,Blank,Blank,Blank,Yes,Blank,Blank,CL,Zenit,Yes
704,346300,31,46,82.9,81.7,Pass,Pos,94.1,85.9,Blank,Blank,Blank,Yes,Blank,Blank,CL,Zenit,Yes
708,346300,31,52,84.8,89.4,Pass,Neg,84.9,66.9,Blank,Blank,Blank,Yes,Blank,Blank,CL,Zenit,Yes
794,346300,36,41,87.4,77.5,Pass,Pos,85.2,66.9,Blank,Blank,Blank,Yes,Blank,Blank,CL,Zenit,Yes
820,346300,37,46,55.6,69.4,BallTouch,Neg,-1,-1,Blank,Blank,Blank,Blank,Yes,Blank,CL,Zenit,Yes
822,346300,37,48,55.5,69.4,BallTouch,Neutral,-1,-1,Blank,Blank,Blank,Blank,Yes,Blank,CL,Zenit,Yes
826,346300,37,57,56.9,69.4,Pass,Pos,53.4,46.3,Blank,Blank,Blank,Blank,Yes,Blank,CL,Zenit,Yes
843,346300,38,47,67.2,76.1,Pass,Pos,78.3,76.7,Blank,Blank,Blank,Yes,Blank,Blank,CL,Zenit,Yes
848,346300,39,14,99.5,99.5,Pass,Neg,95.6,50.4,Blank,Blank,Corner,Yes,Blank,Blank,CL,Zenit,Yes
855,346300,39,38,71.1,55.4,Pass,Neg,83.4,24.1,Blank,Blank,Blank,Blank,Yes,Blank,CL,Zenit,Yes
899,346300,41,20,46.4,73.8,BallRecovery,Pos,-1,-1,Blank,Blank,Blank,Yes,Blank,Blank,CL,Zenit,Yes
900,346300,41,24,65.8,75.4,Pass,Pos,79.5,67.6,Blank,Blank,Blank,Yes,Blank,Blank,CL,Zenit,Yes
926,346300,42,55,72.1,76.4,Pass,Pos,69.4,66,Blank,Blank,Blank,Yes,Blank,Blank,CL,Zenit,Yes
942,346300,43,19,75.6,39.4,TakeOn,Pos,-1,-1,Blank,Blank,Blank,Blank,Yes,Blank,CL,Zenit,Yes
943,346300,43,21,75.8,44.2,Pass,Pos,98.1,81.2,Blank,Blank,Blank,Blank,Yes,Blank,CL,Zenit,Yes
954,346300,43,56,69.6,88,Pass,Pos,72.2,91.8,Blank,Blank,Blank,Yes,Blank,Blank,CL,Zenit,Yes
965,346300,44,14,76.7,32.1,Pass,Neg,94.5,40.3,Blank,Blank,Blank,Blank,Yes,Blank,CL,Zenit,Yes
978,346300,45,42,77.3,95.6,Pass,Pos,68.9,93,Blank,Blank,Blank,Yes,Blank,Blank,CL,Zenit,Yes
983,346300,46,7,88.2,80,TakeOn,Neg,-1,-1,Blank,Blank,Blank,Yes,Blank,Blank,CL,Zenit,Yes
1009,346300,45,33,32.7,5.9,Pass,Pos,25.2,8,Blank,Blank,Blank,Blank,Blank,Yes,CL,Zenit,Yes
1028,346300,46,18,36.2,25.2,TakeOn,Pos,-1,-1,Blank,Blank,Blank,Blank,Blank,Yes,CL,Zenit,Yes
1030,346300,46,23,61,6.8,TakeOn,Pos,-1,-1,Blank,Blank,Blank,Blank,Blank,Yes,CL,Zenit,Yes
1031,346300,46,27,60.5,10.4,Pass,Pos,67.4,14.6,Blank,Blank,Blank,Blank,Blank,Yes,CL,Zenit,Yes
1052,346300,47,10,69.4,35.5,Pass,Pos,73.6,55.2,Blank,Blank,Blank,Blank,Yes,Blank,CL,Zenit,Yes
1072,346300,48,35,79.3,6.4,Pass,Pos,62.8,24.9,Blank,Blank,Blank,Blank,Blank,Yes,CL,Zenit,Yes
1097,346300,49,38,70.7,2.9,BallTouch,Neg,-1,-1,Blank,Blank,Blank,Blank,Blank,Yes,CL,Zenit,Yes
1114,346300,50,52,68.6,5.8,Pass,Pos,91.3,96.5,Blank,Blank,Blank,Blank,Blank,Yes,CL,Zenit,Yes
1194,346300,54,42,68.7,4.4,Pass,Pos,63,3.4,Blank,Blank,Blank,Blank,Blank,Yes,CL,Zenit,Yes
1221,346300,55,59,71.3,3.5,Pass,Neg,74,3.2,Blank,Blank,Blank,Blank,Blank,Yes,CL,Zenit,Yes
1223,346300,56,5,69,0,Pass,Pos,72.7,7,Blank,Blank,Throw In,Blank,Blank,Yes,CL,Zenit,Yes
1225,346300,56,8,67.1,1.9,Pass,Pos,55.7,5.8,Blank,Blank,Blank,Blank,Blank,Yes,CL,Zenit,Yes
1264,346300,57,47,71.7,6.7,Pass,Pos,62.3,8.2,Blank,Blank,Blank,Blank,Blank,Yes,CL,Zenit,Yes
1272,346300,58,12,75.2,4.6,TakeOn,Neg,-1,-1,Blank,Blank,Blank,Blank,Blank,Yes,CL,Zenit,Yes
1289,346300,59,10,73.4,26.4,Pass,Pos,71,55.4,Blank,Blank,Blank,Blank,Blank,Yes,CL,Zenit,Yes
1297,346300,59,38,85,2.8,Tackle,Pos,-1,-1,Blank,Blank,Blank,Blank,Blank,Yes,CL,Zenit,Yes
1298,346300,59,39,87.2,3.1,BallRecovery,Pos,-1,-1,Blank,Blank,Blank,Blank,Blank,Yes,CL,Zenit,Yes
1300,346300,59,41,98,15.2,TakeOn,Pos,-1,-1,Blank,Blank,Blank,Blank,Blank,Yes,CL,Zenit,Yes
1301,346300,59,44,97.9,14.4,Pass,Pos,84.8,10.7,Blank,Blank,Blank,Blank,Blank,Yes,CL,Zenit,Yes
1319,346300,60,36,71.4,23,Pass,Pos,95,76,Blank,Blank,Blank,Blank,Blank,Yes,CL,Zenit,Yes
1324,346300,61,12,99.5,99.5,Pass,Neg,95.7,51.9,Blank,Blank,Corner,Yes,Blank,Blank,CL,Zenit,Yes
1398,346300,65,27,72.2,73.3,Pass,Pos,87.2,96.6,Blank,Blank,Blank,Yes,Blank,Blank,CL,Zenit,Yes
1400,346300,65,33,76.1,72.7,Pass,Pos,73.7,57.3,Blank,Blank,Blank,Yes,Blank,Blank,CL,Zenit,Yes
1437,346300,67,38,20.9,22.8,Pass,Neg,24.1,28.9,Blank,Blank,Blank,Blank,Blank,Yes,CL,Zenit,Yes
1440,346300,67,41,32.2,6.5,Pass,Pos,39.2,24.9,Blank,Blank,Blank,Blank,Blank,Yes,CL,Zenit,Yes
1444,346300,67,59,82.6,8,Pass,Pos,93,16.1,Blank,Blank,Blank,Blank,Blank,Yes,CL,Zenit,Yes
1454,346300,68,14,73.7,10.4,BallTouch,Neutral,-1,-1,Blank,Blank,Blank,Blank,Blank,Yes,CL,Zenit,Yes
1476,346300,70,56,68,5.5,Pass,Pos,63.5,7.9,Blank,Blank,Blank,Blank,Blank,Yes,CL,Zenit,Yes
1479,346300,71,1,77.1,5.2,Pass,Neg,79.4,8.2,Blank,Blank,Blank,Blank,Blank,Yes,CL,Zenit,Yes
1483,346300,71,7,73.9,23,Pass,Pos,73,30.1,Blank,Blank,Blank,Blank,Blank,Yes,CL,Zenit,Yes
1485,346300,71,14,82.2,36.4,Pass,Pos,77.1,54,Blank,Blank,Blank,Blank,Yes,Blank,CL,Zenit,Yes
1499,346300,71,38,69,3.5,Pass,Pos,62.5,6.1,Blank,Blank,Blank,Blank,Blank,Yes,CL,Zenit,Yes
1512,346300,72,23,93.3,3.8,Pass,Pos,84.7,12.2,Blank,Blank,Blank,Blank,Blank,Yes,CL,Zenit,Yes
1546,346300,74,25,38.6,10.7,Pass,Pos,31.4,12.5,Blank,Blank,Blank,Blank,Blank,Yes,CL,Zenit,Yes
1589,346300,77,52,88.5,50,Goal,Pos,-1,-1,Yes,Blank,Penalty,Blank,Yes,Blank,CL,Zenit,Yes
1625,346300,80,6,85.6,8.8,Pass,Pos,71.5,15.3,Blank,Blank,Blank,Blank,Blank,Yes,CL,Zenit,Yes
1632,346300,80,23,90.5,14.3,Pass,Neg,91.9,40.2,Blank,Blank,Blank,Blank,Blank,Yes,CL,Zenit,Yes
1635,346300,80,25,97.9,39.6,CornerAwarded,Neutral,-1,-1,Blank,Blank,Blank,Blank,Yes,Blank,CL,Zenit,Yes
1647,346300,81,21,44.8,70.2,Pass,Pos,39.2,35.2,Blank,Blank,Blank,Yes,Blank,Blank,CL,Zenit,Yes
1666,346300,82,1,74.3,96.2,Pass,Pos,69.6,83.5,Blank,Blank,Blank,Yes,Blank,Blank,CL,Zenit,Yes
1679,346300,82,31,11.8,82.2,Interception,Pos,-1,-1,Blank,Blank,Blank,Yes,Blank,Blank,CL,Zenit,Yes
1683,346300,83,13,0,0,SubstitutionOff,Neutral,-1,-1,Blank,Blank,Blank,Blank,Blank,Blank,CL,Zenit,Yes
7,346300,0,8,46.3,15.3,BallTouch,Neg,-1,-1,Blank,Blank,Blank,Blank,Blank,Yes,CL,Club Brugge,Yes
64,346300,3,2,77.2,15.3,Pass,Pos,90.1,16.4,Blank,Blank,Blank,Blank,Blank,Yes,CL,Club Brugge,Yes
140,346300,6,38,77.4,89.4,Pass,Pos,79.3,79.9,Blank,Blank,Blank,Yes,Blank,Blank,CL,Club Brugge,Yes
142,346300,6,44,80.7,84.8,Pass,Pos,69.1,71.2,Blank,Blank,Blank,Yes,Blank,Blank,CL,Club Brugge,Yes
155,346300,7,26,60.9,94.1,Pass,Pos,37.5,84.5,Blank,Blank,Blank,Yes,Blank,Blank,CL,Club Brugge,Yes
168,346300,7,55,79.9,73.3,SavedShot,Pos,-1,-1,Blank,Blank,Blank,Yes,Blank,Blank,CL,Club Brugge,Yes
171,346300,7,57,90.2,71.9,CornerAwarded,Neutral,-1,-1,Blank,Blank,Blank,Yes,Blank,Blank,CL,Club Brugge,Yes
172,346300,8,25,99.2,99.5,Pass,Neg,95.3,52.7,Blank,Blank,Corner,Yes,Blank,Blank,CL,Club Brugge,Yes
182,346300,8,36,73.9,95.3,BallTouch,Neutral,-1,-1,Blank,Blank,Blank,Yes,Blank,Blank,CL,Club Brugge,Yes
185,346300,8,43,86.1,94.8,Pass,Pos,80,81.5,Blank,Blank,Blank,Yes,Blank,Blank,CL,Club Brugge,Yes
213,346300,10,12,69.6,91.8,BallRecovery,Pos,-1,-1,Blank,Blank,Blank,Yes,Blank,Blank,CL,Club Brugge,Yes
214,346300,10,12,70.1,91.7,Pass,Pos,62.3,90.8,Blank,Blank,Blank,Yes,Blank,Blank,CL,Club Brugge,Yes
217,346300,10,14,71.4,93,TakeOn,Pos,-1,-1,Blank,Blank,Blank,Yes,Blank,Blank,CL,Club Brugge,Yes
218,346300,10,16,68.2,91.8,Pass,Pos,76.1,88.3,Blank,Blank,Blank,Yes,Blank,Blank,CL,Club Brugge,Yes
220,346300,10,17,66.8,86,Pass,Pos,64,76.1,Blank,Blank,Blank,Yes,Blank,Blank,CL,Club Brugge,Yes
252,346300,12,0,53.4,58.5,Pass,Neg,67.5,48.7,Blank,Blank,Blank,Blank,Yes,Blank,CL,Club Brugge,Yes
265,346300,12,26,80.4,96.3,Pass,Pos,90.8,93.3,Blank,Blank,Blank,Yes,Blank,Blank,CL,Club Brugge,Yes
286,346300,13,17,66.3,75.4,Pass,Pos,72.8,84.1,Blank,Blank,Blank,Yes,Blank,Blank,CL,Club Brugge,Yes
303,346300,14,9,43.4,77.9,Pass,Pos,31.9,94,Blank,Blank,Blank,Yes,Blank,Blank,CL,Club Brugge,Yes
322,346300,14,56,33.2,83.5,Pass,Pos,22.6,64.5,Blank,Blank,Blank,Yes,Blank,Blank,CL,Club Brugge,Yes
352,346300,16,56,43.9,71.5,Pass,Pos,30,68.1,Blank,Blank,Blank,Yes,Blank,Blank,CL,Club Brugge,Yes
370,346300,17,34,63,55.9,BallRecovery,Pos,-1,-1,Blank,Blank,Blank,Blank,Yes,Blank,CL,Club Brugge,Yes
371,346300,17,35,64.7,56.7,Pass,Pos,76.5,67.2,Blank,Yes,Blank,Blank,Yes,Blank,CL,Club Brugge,Yes
393,346300,19,26,74.4,69,Pass,Neg,82,34.2,Blank,Blank,Blank,Blank,Yes,Blank,CL,Club Brugge,Yes
406,346300,19,57,9.6,83.1,Tackle,Neg,-1,-1,Blank,Blank,Blank,Yes,Blank,Blank,CL,Club Brugge,Yes
408,346300,19,58,9.2,82.7,Tackle,Neg,-1,-1,Blank,Blank,Blank,Yes,Blank,Blank,CL,Club Brugge,Yes
443,346300,21,52,76.8,90.5,Pass,Pos,76.8,80,Blank,Blank,Blank,Yes,Blank,Blank,CL,Club Brugge,Yes
445,346300,21,54,69.6,91.5,Pass,Pos,54.7,86.8,Blank,Blank,Blank,Yes,Blank,Blank,CL,Club Brugge,Yes
455,346300,22,12,57.8,88.4,BallRecovery,Pos,-1,-1,Blank,Blank,Blank,Yes,Blank,Blank,CL,Club Brugge,Yes
456,346300,22,13,57,87.6,Pass,Pos,54.6,97.5,Blank,Blank,Blank,Yes,Blank,Blank,CL,Club Brugge,Yes
458,346300,22,18,49.3,88.7,Pass,Pos,48.5,81.8,Blank,Blank,Blank,Yes,Blank,Blank,CL,Club Brugge,Yes
474,346300,23,37,41,95,Pass,Neg,42.2,93.1,Blank,Blank,Blank,Yes,Blank,Blank,CL,Club Brugge,Yes
481,346300,24,30,70.4,88.3,Pass,Pos,78.3,97.4,Blank,Blank,Blank,Yes,Blank,Blank,CL,Club Brugge,Yes
483,346300,24,33,66.7,89.6,Pass,Pos,48.4,84.8,Blank,Blank,Blank,Yes,Blank,Blank,CL,Club Brugge,Yes
509,346300,25,54,44.3,50.1,Pass,Pos,57.9,87.8,Blank,Blank,Blank,Blank,Yes,Blank,CL,Club Brugge,Yes
511,346300,26,0,70.4,76.1,Pass,Pos,70.8,90.6,Blank,Blank,Blank,Yes,Blank,Blank,CL,Club Brugge,Yes
535,346300,27,16,29.8,71.5,Pass,Pos,21.5,74.1,Blank,Blank,Blank,Yes,Blank,Blank,CL,Club Brugge,Yes
569,346300,28,43,48.9,95.7,Pass,Pos,54.5,72.4,Blank,Blank,Blank,Yes,Blank,Blank,CL,Club Brugge,Yes
580,346300,29,3,88.2,75.6,Pass,Pos,95.9,69.3,Blank,Blank,Blank,Yes,Blank,Blank,CL,Club Brugge,Yes
602,346300,29,48,68.1,90,Pass,Pos,58.7,71.4,Blank,Blank,Blank,Yes,Blank,Blank,CL,Club Brugge,Yes
606,346300,30,2,75.2,87.1,Pass,Pos,96.3,70.2,Blank,Blank,Blank,Yes,Blank,Blank,CL,Club Brugge,Yes
612,346300,30,37,99.6,99.6,Pass,Pos,96.3,82.4,Blank,Blank,Corner,Yes,Blank,Blank,CL,Club Brugge,Yes
614,346300,30,40,84.4,86.9,Pass,Pos,72,69.7,Blank,Blank,Blank,Yes,Blank,Blank,CL,Club Brugge,Yes
619,346300,30,53,88.2,89,Pass,Pos,79.1,86.9,Blank,Blank,Blank,Yes,Blank,Blank,CL,Club Brugge,Yes
631,346300,31,25,99.5,99.5,Pass,Neg,98.1,56.4,Blank,Blank,Corner,Yes,Blank,Blank,CL,Club Brugge,Yes
642,346300,32,50,33.7,5,Pass,Pos,24.3,10.9,Blank,Blank,Blank,Blank,Blank,Yes,CL,Club Brugge,Yes
654,346300,33,14,78.1,43.2,TakeOn,Neg,-1,-1,Blank,Blank,Blank,Blank,Yes,Blank,CL,Club Brugge,Yes
656,346300,33,16,76.4,35.6,TakeOn,Neg,-1,-1,Blank,Blank,Blank,Blank,Yes,Blank,CL,Club Brugge,Yes
681,346300,34,48,63.9,50.9,Pass,Pos,63.2,63.6,Blank,Blank,Blank,Blank,Yes,Blank,CL,Club Brugge,Yes
685,346300,34,56,66.7,60.9,Pass,Pos,67.8,76.4,Blank,Blank,Blank,Blank,Yes,Blank,CL,Club Brugge,Yes
693,346300,35,44,76.2,70.2,Pass,Pos,85.3,85.4,Blank,Blank,Blank,Yes,Blank,Blank,CL,Club Brugge,Yes
710,346300,36,34,66.4,96.3,Foul,Neg,-1,-1,Blank,Blank,Blank,Yes,Blank,Blank,CL,Club Brugge,Yes
747,346300,38,11,24.7,93.3,Pass,Pos,24.3,83.3,Blank,Blank,Blank,Yes,Blank,Blank,CL,Club Brugge,Yes
754,346300,38,32,76,89.6,Pass,Pos,63.6,75.7,Blank,Blank,Blank,Yes,Blank,Blank,CL,Club Brugge,Yes
782,346300,39,47,69.7,63.9,Pass,Pos,73.9,91.7,Blank,Blank,Blank,Blank,Yes,Blank,CL,Club Brugge,Yes
815,346300,41,38,56.7,94.7,BallTouch,Neg,-1,-1,Blank,Blank,Blank,Yes,Blank,Blank,CL,Club Brugge,Yes
834,346300,42,40,67.5,60.4,Pass,Pos,75.2,52.8,Blank,Blank,Blank,Blank,Yes,Blank,CL,Club Brugge,Yes
857,346300,44,58,78.3,51.2,Goal,Pos,-1,-1,Yes,Blank,Free Kick,Blank,Yes,Blank,CL,Club Brugge,Yes
870,346300,45,19,34.7,86.6,BallRecovery,Pos,-1,-1,Blank,Blank,Blank,Yes,Blank,Blank,CL,Club Brugge,Yes
871,346300,45,19,34.9,85.7,Pass,Pos,39.3,64.9,Blank,Blank,Blank,Yes,Blank,Blank,CL,Club Brugge,Yes
876,346300,45,26,60.4,77.9,Pass,Pos,89.3,58.3,Blank,Blank,Blank,Yes,Blank,Blank,CL,Club Brugge,Yes
906,346300,46,47,62.2,94.2,Pass,Pos,36.8,92.7,Blank,Blank,Blank,Yes,Blank,Blank,CL,Club Brugge,Yes
909,346300,46,52,44.2,95.3,Pass,Pos,55.7,77.2,Blank,Blank,Blank,Yes,Blank,Blank,CL,Club Brugge,Yes
915,346300,47,5,86.9,61.2,SavedShot,Pos,-1,-1,Blank,Blank,Blank,Blank,Yes,Blank,CL,Club Brugge,Yes
994,346300,50,49,85.6,76,Pass,Pos,86.8,62.7,Blank,Blank,Blank,Yes,Blank,Blank,CL,Club Brugge,Yes
998,346300,50,59,91.9,73,Pass,Pos,87.3,56.1,Blank,Blank,Blank,Yes,Blank,Blank,CL,Club Brugge,Yes
1075,346300,55,20,61.1,95.4,Pass,Pos,67.8,76.3,Blank,Blank,Blank,Yes,Blank,Blank,CL,Club Brugge,Yes
1077,346300,55,23,76.9,92.5,Pass,Pos,77.2,70.1,Blank,Blank,Blank,Yes,Blank,Blank,CL,Club Brugge,Yes
1143,346300,58,49,76.2,97.4,TakeOn,Neg,-1,-1,Blank,Blank,Blank,Yes,Blank,Blank,CL,Club Brugge,Yes
1146,346300,59,6,74.7,90.3,Pass,Neg,71.1,99,Blank,Blank,Blank,Yes,Blank,Blank,CL,Club Brugge,Yes
1212,346300,63,1,64.9,79.7,Pass,Pos,50.9,77.9,Blank,Blank,Blank,Yes,Blank,Blank,CL,Club Brugge,Yes
1214,346300,63,7,54.5,53.9,Pass,Pos,51.6,24.7,Blank,Blank,Blank,Blank,Yes,Blank,CL,Club Brugge,Yes
1219,346300,63,21,74.2,47.2,TakeOn,Pos,-1,-1,Blank,Blank,Blank,Blank,Yes,Blank,CL,Club Brugge,Yes
1220,346300,63,24,74.5,50.7,Pass,Pos,87.1,78.4,Blank,Blank,Blank,Blank,Yes,Blank,CL,Club Brugge,Yes
1223,346300,63,30,77.2,69.9,Pass,Pos,66.8,60.9,Blank,Blank,Blank,Blank,Yes,Blank,CL,Club Brugge,Yes
1226,346300,63,33,66.6,79,Pass,Pos,62.6,68.5,Blank,Blank,Blank,Yes,Blank,Blank,CL,Club Brugge,Yes
1279,346300,66,17,74.3,73.3,BallRecovery,Pos,-1,-1,Blank,Blank,Blank,Yes,Blank,Blank,CL,Club Brugge,Yes
1280,346300,66,18,73.8,75.3,Pass,Pos,70.9,63.1,Blank,Blank,Blank,Yes,Blank,Blank,CL,Club Brugge,Yes
1285,346300,66,28,91.3,86.6,BallTouch,Neg,-1,-1,Blank,Blank,Blank,Yes,Blank,Blank,CL,Club Brugge,Yes
1296,346300,67,33,99.5,99.5,Pass,Neg,96.4,57.9,Blank,Blank,Corner,Yes,Blank,Blank,CL,Club Brugge,Yes
1309,346300,68,12,78.3,79.1,Pass,Neg,90.1,48.1,Blank,Blank,Blank,Yes,Blank,Blank,CL,Club Brugge,Yes
1312,346300,68,17,95.3,70,CornerAwarded,Neutral,-1,-1,Blank,Blank,Blank,Yes,Blank,Blank,CL,Club Brugge,Yes
1313,346300,68,53,99.5,99.5,Pass,Neg,96.4,60,Blank,Blank,Corner,Yes,Blank,Blank,CL,Club Brugge,Yes
1320,346300,69,11,73.9,76.9,Pass,Pos,88,72.1,Blank,Blank,Blank,Yes,Blank,Blank,CL,Club Brugge,Yes
1331,346300,69,36,36,73,Interception,Pos,-1,-1,Blank,Blank,Blank,Yes,Blank,Blank,CL,Club Brugge,Yes
1345,346300,70,3,79.1,37.4,Pass,Neg,84.3,37.7,Blank,Blank,Blank,Blank,Yes,Blank,CL,Club Brugge,Yes
1347,346300,70,7,91.3,14.1,Pass,Pos,78.3,20.7,Blank,Blank,Blank,Blank,Blank,Yes,CL,Club Brugge,Yes
1458,346300,77,11,25.2,24.6,BallRecovery,Pos,-1,-1,Blank,Blank,Blank,Blank,Blank,Yes,CL,Club Brugge,Yes
1459,346300,77,12,28.5,25.8,Pass,Pos,42.3,9.2,Blank,Blank,Blank,Blank,Blank,Yes,CL,Club Brugge,Yes
1480,346300,78,36,70.9,75.2,Pass,Pos,67.2,57.9,Blank,Blank,Blank,Yes,Blank,Blank,CL,Club Brugge,Yes
1492,346300,79,2,70.1,97.4,Pass,Pos,59,93.6,Blank,Blank,Blank,Yes,Blank,Blank,CL,Club Brugge,Yes
1528,346300,82,11,99.5,0.5,Pass,Pos,92.1,48.1,Blank,Blank,Corner,Blank,Blank,Yes,CL,Club Brugge,Yes
1551,346300,83,59,78.6,10.7,Pass,Pos,63.5,3.4,Blank,Blank,Blank,Blank,Blank,Yes,CL,Club Brugge,Yes
1565,346300,84,45,60.2,62.9,BallRecovery,Pos,-1,-1,Blank,Blank,Blank,Blank,Yes,Blank,CL,Club Brugge,Yes
1566,346300,84,45,60.2,62.9,Pass,Neg,76.9,64.5,Blank,Blank,Blank,Blank,Yes,Blank,CL,Club Brugge,Yes
1620,346300,87,45,29,38.5,Pass,Pos,42.2,12.8,Blank,Blank,Blank,Blank,Yes,Blank,CL,Club Brugge,Yes
1513,346300,75,28,0,0,SubstitutionOn,Neutral,-1,-1,Blank,Blank,Blank,Blank,Blank,Blank,CL,Lazio,Yes
1544,346300,78,7,72.3,93,Pass,Pos,72.3,83.1,Blank,Blank,,Blank,Blank,Yes,CL,Lazio,Yes
1550,346300,78,13,72.9,80.4,Challenge,Neg,-1,-1,Blank,Blank,,Yes,Blank,Blank,CL,Lazio,Yes
1580,346300,80,34,54.3,56.1,Pass,Pos,34.9,35.2,Blank,Blank,,Yes,Blank,Blank,CL,Lazio,Yes
1621,346300,82,31,30.6,84.2,BallRecovery,Pos,-1,-1,Blank,Blank,,Blank,Yes,Blank,CL,Lazio,Yes
1622,346300,82,32,30.6,84.2,BallTouch,Neg,-1,-1,Blank,Blank,,Yes,Blank,Blank,CL,Lazio,Yes
1655,346300,84,20,61.4,74.1,Pass,Pos,52.8,84.6,Blank,Blank,,Yes,Blank,Blank,CL,Lazio,Yes
1658,346300,84,25,60.5,82.8,Pass,Pos,67.3,77.6,Blank,Blank,,Yes,Blank,Blank,CL,Lazio,Yes
1677,346300,85,15,72.6,64.1,Pass,Pos,70.7,47,Blank,Blank,,Yes,Blank,Blank,CL,Lazio,Yes
1730,346300,88,59,57.8,91.8,Pass,Neg,56,88.2,Blank,Blank,,Blank,Yes,Blank,CL,Lazio,Yes
1785,346300,94,6,41.4,45.8,Pass,Pos,47.3,68.7,Blank,Blank,,Yes,Blank,Blank,CL,Lazio,Yes
1394,346300,71,19,0,0,SubstitutionOn,Neutral,-1,-1,Blank,Blank,Blank,Blank,Blank,Blank,CL,Zenit,Yes
1425,346300,72,24,76.4,27.1,Pass,Pos,65.8,18.7,Blank,Blank,,Blank,Blank,Yes,CL,Zenit,Yes
1457,346300,74,9,62.4,5.3,Pass,Pos,80.1,3.4,Blank,Blank,,Blank,Blank,Yes,CL,Zenit,Yes
1486,346300,75,34,94.2,30.8,TakeOn,Neg,-1,-1,Blank,Blank,,Blank,Yes,Blank,CL,Zenit,Yes
1488,346300,75,34,91,29.6,BallTouch,Neutral,-1,-1,Blank,Blank,,Blank,Blank,Yes,CL,Zenit,Yes
1507,346300,76,26,56.3,30.2,Pass,Pos,59.3,40.9,Blank,Blank,,Blank,Yes,Blank,CL,Zenit,Yes
1516,346300,76,51,77.6,18.4,Pass,Pos,91.2,13.9,Blank,Blank,,Blank,Blank,Yes,CL,Zenit,Yes
1532,346300,77,30,56.6,9.5,Pass,Pos,60.1,16.6,Blank,Blank,,Blank,Blank,Yes,CL,Zenit,Yes
1534,346300,77,38,88.9,9.7,Pass,Pos,72.3,28.1,Blank,Blank,,Blank,Blank,Yes,CL,Zenit,Yes
1537,346300,77,48,79.3,26.2,Pass,Pos,78.5,34,Blank,Yes,,Blank,Blank,Yes,CL,Zenit,Yes
1661,346300,85,45,71.3,14.9,BallRecovery,Pos,-1,-1,Blank,Blank,,Blank,Blank,Yes,CL,Zenit,Yes
1662,346300,85,46,71.3,14.9,Pass,Pos,70.1,36.8,Blank,Blank,,Blank,Blank,Yes,CL,Zenit,Yes
1664,346300,85,52,63.5,23.3,Pass,Pos,54.5,17.2,Blank,Blank,,Blank,Blank,Yes,CL,Zenit,Yes
1681,346300,86,52,18.8,51.5,Clearance,Pos,33.8,70.3,Blank,Blank,,Blank,Yes,Blank,CL,Zenit,Yes
1760,346300,91,55,71,27.1,Pass,Pos,64.4,5.8,Blank,Blank,,Blank,Blank,Yes,CL,Zenit,Yes
1764,346300,92,6,74.1,5.9,Pass,Pos,63.1,6.5,Blank,Blank,,Blank,Blank,Yes,CL,Zenit,Yes
1768,346300,92,17,53.9,9.8,Pass,Pos,34.7,23.2,Blank,Blank,,Blank,Blank,Yes,CL,Zenit,Yes
49,346300,1,30,72,63.2,TakeOn,Pos,-1,-1,Blank,Blank,Blank,Blank,Yes,Blank,CL,Sevilla,Yes
50,346300,1,31,73.2,50.7,Pass,Pos,75.6,41.2,Blank,Blank,Blank,Blank,Yes,Blank,CL,Sevilla,Yes
55,346300,1,44,79.1,23.7,Pass,Pos,76.9,29.8,Blank,Blank,Blank,Blank,Blank,Yes,CL,Sevilla,Yes
79,346300,3,1,46.8,95.9,Pass,Pos,35,94.8,Blank,Blank,Blank,Yes,Blank,Blank,CL,Sevilla,Yes
81,346300,3,7,37.2,97.8,Pass,Neg,41.9,96.9,Blank,Blank,Blank,Yes,Blank,Blank,CL,Sevilla,Yes
198,346300,9,44,71.9,87.1,Pass,Pos,69.4,82.1,Blank,Blank,Blank,Yes,Blank,Blank,CL,Sevilla,Yes
200,346300,9,46,72.6,90.3,Pass,Pos,80.9,92.1,Blank,Blank,Blank,Yes,Blank,Blank,CL,Sevilla,Yes
202,346300,9,56,75,84.1,Pass,Pos,79.5,91.8,Blank,Blank,Blank,Yes,Blank,Blank,CL,Sevilla,Yes
209,346300,10,14,61,95.8,Pass,Pos,33,94,Blank,Blank,Blank,Yes,Blank,Blank,CL,Sevilla,Yes
241,346300,11,49,39,93.8,Pass,Pos,32.1,87.5,Blank,Blank,Blank,Yes,Blank,Blank,CL,Sevilla,Yes
244,346300,11,54,45.2,97.1,TakeOn,Pos,-1,-1,Blank,Blank,Blank,Yes,Blank,Blank,CL,Sevilla,Yes
246,346300,12,3,73.7,82.4,Pass,Pos,81.7,89.7,Blank,Blank,Blank,Yes,Blank,Blank,CL,Sevilla,Yes
259,346300,12,58,67.8,96.8,Pass,Pos,69.8,90.3,Blank,Blank,Blank,Yes,Blank,Blank,CL,Sevilla,Yes
263,346300,13,8,90.6,74.5,BallTouch,Neutral,-1,-1,Blank,Blank,Blank,Yes,Blank,Blank,CL,Sevilla,Yes
271,346300,13,39,81.1,96.6,Pass,Pos,73,95.3,Blank,Blank,Blank,Yes,Blank,Blank,CL,Sevilla,Yes
303,346300,15,25,75.2,76.3,Pass,Neg,76.1,71.2,Blank,Blank,Blank,Yes,Blank,Blank,CL,Sevilla,Yes
307,346300,15,31,88.9,66,SavedShot,Pos,-1,-1,Blank,Blank,Blank,Blank,Yes,Blank,CL,Sevilla,Yes
319,346300,16,0,63.4,98.3,Pass,Pos,51.6,90,Blank,Blank,Blank,Yes,Blank,Blank,CL,Sevilla,Yes
344,346300,16,47,20.8,80.9,BallRecovery,Pos,-1,-1,Blank,Blank,Blank,Yes,Blank,Blank,CL,Sevilla,Yes
345,346300,16,47,20.8,80.9,Pass,Pos,19.2,72,Blank,Blank,Blank,Yes,Blank,Blank,CL,Sevilla,Yes
355,346300,17,34,67.1,52.8,Pass,Pos,67,37.9,Blank,Blank,Blank,Blank,Yes,Blank,CL,Sevilla,Yes
428,346300,22,7,58.8,72.9,Pass,Pos,71.2,40.1,Blank,Blank,Blank,Yes,Blank,Blank,CL,Sevilla,Yes
436,346300,23,59,99.5,99.2,Pass,Neg,92.7,56.9,Blank,Blank,Corner,Yes,Blank,Blank,CL,Sevilla,Yes
442,346300,24,9,85.4,97.3,TakeOn,Pos,-1,-1,Blank,Blank,Blank,Yes,Blank,Blank,CL,Sevilla,Yes
444,346300,24,13,88.4,79.9,Pass,Neg,88.9,68.8,Blank,Blank,Blank,Yes,Blank,Blank,CL,Sevilla,Yes
447,346300,24,41,77.7,91.2,Pass,Pos,54.2,92.3,Blank,Blank,Blank,Yes,Blank,Blank,CL,Sevilla,Yes
481,346300,26,41,81.6,55.9,Pass,Pos,90.3,53,Blank,Yes,Blank,Blank,Yes,Blank,CL,Sevilla,Yes
541,346300,30,39,44.9,60.1,Challenge,Neg,-1,-1,Blank,Blank,Blank,Blank,Yes,Blank,CL,Sevilla,Yes
583,346300,32,36,78.1,6.8,Pass,Pos,59.9,6.5,Blank,Blank,Blank,Blank,Blank,Yes,CL,Sevilla,Yes
607,346300,34,32,99.5,0.5,Pass,Pos,88.4,56,Blank,Blank,Corner,Blank,Blank,Yes,CL,Sevilla,Yes
676,346300,38,12,21.9,5.5,Interception,Pos,-1,-1,Blank,Blank,Blank,Blank,Blank,Yes,CL,Sevilla,Yes
677,346300,38,14,23.6,1.3,BallRecovery,Pos,-1,-1,Blank,Blank,Blank,Blank,Blank,Yes,CL,Sevilla,Yes
678,346300,38,14,23.6,1.3,Pass,Neg,69.4,20,Blank,Blank,Blank,Blank,Blank,Yes,CL,Sevilla,Yes
733,346300,40,57,37,83.9,Pass,Pos,19.7,75.4,Blank,Blank,Blank,Yes,Blank,Blank,CL,Sevilla,Yes
735,346300,41,9,68.6,81.2,TakeOn,Neg,-1,-1,Blank,Blank,Blank,Yes,Blank,Blank,CL,Sevilla,Yes
787,346300,45,3,12,86.9,BallTouch,Neg,-1,-1,Blank,Blank,Blank,Yes,Blank,Blank,CL,Sevilla,Yes
815,346300,45,10,46.7,66.9,BallRecovery,Pos,-1,-1,Blank,Blank,Blank,Blank,Yes,Blank,CL,Sevilla,Yes
816,346300,45,17,80.9,95.6,TakeOn,Neg,-1,-1,Blank,Blank,Blank,Yes,Blank,Blank,CL,Sevilla,Yes
818,346300,45,18,83.3,97.1,BallTouch,Neutral,-1,-1,Blank,Blank,Blank,Yes,Blank,Blank,CL,Sevilla,Yes
826,346300,46,2,79.9,95.7,Pass,Pos,86.4,96.2,Blank,Blank,Blank,Yes,Blank,Blank,CL,Sevilla,Yes
828,346300,46,5,76.2,96,Pass,Pos,57.6,95.3,Blank,Blank,Blank,Yes,Blank,Blank,CL,Sevilla,Yes
840,346300,46,35,44,77.4,Aerial,Pos,-1,-1,Blank,Blank,Blank,Yes,Blank,Blank,CL,Sevilla,Yes
842,346300,46,35,43.7,77.9,BallTouch,Neutral,-1,-1,Blank,Blank,Blank,Yes,Blank,Blank,CL,Sevilla,Yes
853,346300,46,54,56.1,94.2,Pass,Pos,46.9,95.1,Blank,Blank,Blank,Yes,Blank,Blank,CL,Sevilla,Yes
855,346300,46,59,68.1,93.2,TakeOn,Neg,-1,-1,Blank,Blank,Blank,Yes,Blank,Blank,CL,Sevilla,Yes
934,346300,50,33,29.9,71.2,Pass,Pos,25.7,61.7,Blank,Blank,Blank,Yes,Blank,Blank,CL,Sevilla,Yes
948,346300,51,29,59.8,72.6,Pass,Pos,79.2,93.3,Blank,Blank,Blank,Yes,Blank,Blank,CL,Sevilla,Yes
950,346300,51,34,76.2,84.4,Pass,Pos,79.3,93.3,Blank,Blank,Blank,Yes,Blank,Blank,CL,Sevilla,Yes
1003,346300,54,13,77.1,82.3,Pass,Pos,89.3,87.5,Blank,Blank,Blank,Yes,Blank,Blank,CL,Sevilla,Yes
1005,346300,54,18,80.7,93.9,Pass,Pos,66.6,93.5,Blank,Blank,Blank,Yes,Blank,Blank,CL,Sevilla,Yes
1010,346300,54,31,58.9,92.1,Pass,Pos,45.9,72.7,Blank,Blank,Blank,Yes,Blank,Blank,CL,Sevilla,Yes
1013,346300,54,39,67.2,92,Pass,Pos,72.8,90.9,Blank,Blank,Blank,Yes,Blank,Blank,CL,Sevilla,Yes
1086,346300,57,58,45.9,93.5,Pass,Pos,56.8,72.9,Blank,Blank,Blank,Yes,Blank,Blank,CL,Sevilla,Yes
1137,346300,60,41,38.4,76.7,Pass,Neg,45.3,69.6,Blank,Blank,Blank,Yes,Blank,Blank,CL,Sevilla,Yes
1327,346300,70,14,43.2,97.6,TakeOn,Pos,-1,-1,Blank,Blank,Blank,Yes,Blank,Blank,CL,Sevilla,Yes
1329,346300,70,18,54.3,95.3,Pass,Pos,53.7,86.2,Blank,Blank,Blank,Yes,Blank,Blank,CL,Sevilla,Yes
1355,346300,71,22,60.2,84.8,Challenge,Neg,-1,-1,Blank,Blank,Blank,Yes,Blank,Blank,CL,Sevilla,Yes
1413,346300,75,37,29.7,90.5,BallRecovery,Pos,-1,-1,Blank,Blank,Blank,Yes,Blank,Blank,CL,Sevilla,Yes
1414,346300,75,46,59.8,94.8,TakeOn,Neg,-1,-1,Blank,Blank,Blank,Yes,Blank,Blank,CL,Sevilla,Yes
1416,346300,75,47,57.7,95.3,BallTouch,Neutral,-1,-1,Blank,Blank,Blank,Yes,Blank,Blank,CL,Sevilla,Yes
1421,346300,76,9,62.8,88.1,Pass,Pos,60.4,96.5,Blank,Blank,Blank,Yes,Blank,Blank,CL,Sevilla,Yes
1428,346300,76,16,63.1,92.6,BallRecovery,Pos,-1,-1,Blank,Blank,Blank,Yes,Blank,Blank,CL,Sevilla,Yes
1429,346300,76,16,63.1,92.6,Pass,Pos,55.4,96.3,Blank,Blank,Blank,Yes,Blank,Blank,CL,Sevilla,Yes
1499,346300,79,46,36.6,95.1,Pass,Pos,20.5,94.4,Blank,Blank,Blank,Yes,Blank,Blank,CL,Sevilla,Yes
1507,346300,80,48,75.4,93.5,Pass,Neg,89.4,48.1,Blank,Blank,Blank,Yes,Blank,Blank,CL,Sevilla,Yes
1524,346300,81,50,29.7,84.2,Pass,Pos,34.1,69.1,Blank,Blank,Blank,Yes,Blank,Blank,CL,Sevilla,Yes
1589,346300,87,6,64.8,98.4,Fouled,Pos,-1,-1,Blank,Blank,Blank,Yes,Blank,Blank,CL,Sevilla,Yes
1592,346300,88,,81.8,96.9,OffsideGiven,Neg,-1,-1,Blank,Blank,Blank,Yes,Blank,Blank,CL,Sevilla,Yes
1616,346300,89,40,77.3,56.3,Pass,Pos,87.6,24.9,Blank,Blank,Blank,Blank,Yes,Blank,CL,Sevilla,Yes
1618,346300,89,45,82.3,37.5,MissedShots,Pos,-1,-1,Blank,Blank,Blank,Blank,Yes,Blank,CL,Sevilla,Yes
